Name,Description,Cleaned_recipe,Origin
apple_pie,This is an absolutely easy to make and absolutely delicious Amish apple pie recipe. Enjoy!,"  cup sour cream ,   egg ,  Â¾ cup white sugar ,   tablespoons all-purpose flour ,   teaspoon vanilla extract ,   teaspoon salt ,    cups peeled, diced apples ,    inch unbaked pie crust ,   cup brown sugar ,   cup all-purpose flour ,   cup butter, softened ,   teaspoon ground cinnamon ",Amish and Mennonite
baby_back_ribs,"Slow cooker ribs inspired by my favorite Korean chef in the LA area, Roy Choi, whose cooking will oversaturate your taste buds. Flavor profile of this recipe 12/10. These remind me of your typical pot roast prep that your mom may have made growing up...if your mom happened to be a Korean man who went on to create the first fusion taco truck. Enjoy over a bed of steamed rice and your favorite banchan!","  pounds baby back pork ribs ,   teaspoon salt, or to taste ,   tablespoon canola oil ,   cup soy sauce ,   cup light soy sauce ,   cup rice wine ,   onion, cut into quarters ,   cup orange juice ,   head garlic, chopped ,   cup minced fresh ginger root ,   jalapeno pepper, chopped Optional ,   bunch scallions, trimmed and chopped ",Korean Recipes
baklava,This is very simple and so good.,"  pound walnuts ,   cup white sugar ,   tablespoon ground cinnamon ,    ounce package phyllo dough ,   tablespoons margarine ,   tablespoons vegetable oil ,    cups white sugar ,   cups water ,   tablespoons lemon juice ",Greek Recipes
beef_tartare,"The legend goes that Tartare tribes when fighting in the past didn't even have time to stop and cook their food. They are said to have kept the meat underneath their saddles and mince it in this way. Today this dish is a gourmet classic. This dish is eaten like a pate, spread on a piece of warm toast with fresh tomato and onion rings on top. It is very important though to make sure that both the meat and the egg are very fresh because they are eaten raw."," pound finely ground beef tenderloin teaspoon brown mustard teaspoon hot pepper sauce  Tabasco, or to taste teaspoon Worcestershire sauce teaspoon brandy pinch salt, or to taste ground white pepper to taste egg",French
beet_salad,A Russian potato salad with the difference of adding beets and carrots! Use balsamic vinegar instead of champagne vinegar for a different version.,"  beets ,   small potatoes ,   small carrots ,   small dill pickles, diced ,   cup vegetable oil ,   tablespoons champagne vinegar ,  salt to taste ,   green onions, chopped ",Russian
beignets,"Beignets are deep-fried, soft, donut-like square pastries that are served warm with powdered sugar. This is a traditional New Orleans-style beignet recipe that's easy to make and can't be beat! Grab a cafÃ© au lait and you're set!","   ounce package active dry yeast ,    cups warm water  degrees F/ degrees C ,   cup evaporated milk ,   cup white sugar ,   eggs ,   teaspoon salt ,   cups all-purpose flour, divided ,   cup shortening ,   quart vegetable oil for frying ,   cup confectioners  sugar ",Southern Recipes
bibimbap,"This bibimbap recipe makes a popular and delicious Korean meal. Meaning mixed rice, bibimbap is a delicious rice bowl topped with vegetables, beef, a whole egg, and gochujang (red chili pepper paste). Traditionally, bibimbap was eaten on the eve of the Lunar New Year, to use up any leftovers before the start of the new year.","  English cucumber, cut into matchsticks ,   cup gochujang Korean hot pepper paste Optional ,   bunch fresh spinach, cut into thin strips ,   tablespoon soy sauce ,   teaspoons olive oil, divided ,   carrots, cut into matchsticks ,   clove garlic, minced ,   pinch red pepper flakes ,   pound thinly-sliced beef top round steak ,   large eggs ,   cups cooked white rice ,   teaspoons toasted sesame oil, divided ,   teaspoon sesame seeds ,   teaspoons gochujang Korean hot pepper paste, divided Optional ",Korean Recipes
bread_pudding,"Budin is a traditional Puerto Rican bread pudding. This recipe was provided to me by a friend, and I thought I share it with you all.","  cup water ,    inch cinnamon sticks ,   whole cloves ,   teaspoon anise seed ,   cups white sugar, divided ,   tablespoons water ,    pound loaf day-old bread ,   cups evaporated milk ,   large eggs ,   teaspoon vanilla extract ,  Â¾ teaspoon salt ,   cup butter, melted ",Puerto Rican
breakfast_burrito,"Make breakfast burrito bowls in the air fryer for an easy yet festive dish. Tortilla shells gets filled with egg, cheese, avocado, fresh pico de gallo, and bacon in this recipe that is as fun to customize as it is to eat. Mix up the toppings, too! Use crumbled sausage, salsa, peppers, and onions, or go with a whole different flavor profile and top it with smoked salmon, Boursin cheese, chives, and capers.","  slices center-cut bacon ,  cooking spray ,   -inch flour tortillas ,   large eggs ,  / cup shredded pepper Jack cheese, divided ,  / teaspoon adobo seasoning, divided ,  / teaspoon kosher salt, divided ,   cup cherry tomatoes, halved ,  / cup chopped fresh cilantro ,   scallions, thinly sliced ,   tablespoons freshly squeezed lime juice ,   avocado, diced ",Southern Recipes
bruschetta,Light and fresh for a quick tasty appetizer.,"   pounds plum tomatoes, seeded and cut into small dice ,   cup chopped fresh basil ,   tablespoons extra-virgin olive oil, divided ,   tablespoons finely chopped red onion ,   large cloves garlic, minced ,   teaspoons red wine vinegar ,  freshly ground black pepper to taste ,   French baguette, cut into /-inch thick slices ,   tablespoon high-quality balsamic vinegar, or to taste ",Italian Recipes
cannoli,"This cannoli recipe was invented on July 31st, 2005. I spent a lot of time looking for a good recipe for cannoli shells and filling. Since no two were alike, and since instructions were a bit sketchy, I worked with a friend, Ana, to come up with a good recipe, including some tips that we came up with along the way. Special equipment is needed such as cannoli tubes, a pasta machine, and a pastry bag to help make these cannoli come out just like the ones at Italian restaurants and bakeries. Start with 1/2 cup of confectioners' sugar, and then add more to taste.","  cups all-purpose flour ,   cup white sugar ,   teaspoon ground cinnamon ,   tablespoons shortening ,   cup sweet Marsala wine ,   tablespoons water ,   tablespoon distilled white vinegar ,   egg ,   egg yolk ,   egg white ,   quart oil for frying, or as needed ,    ounce container ricotta cheese ,   cup confectioners  sugar ,   ounces semisweet chocolate, chopped Optional ,   teaspoon lemon zest, or to taste ",Italian Recipes
caprese_salad,"Traditional appetizer, but also makes a great main dish on a hot summer day. Feel free to add cooked eggplant and/or zucchini slices to this dish to make it heartier.","   ounce jar roasted red peppers, drained ,   slices fresh mozzarella cheese ,   thick slices ripe slicing tomato ,   leaves fresh basil ,  olive oil ,   pinch ground black pepper to taste ,    ounce can sliced black olives, drained Optional ",Italian Recipes
carrot_cake,"A traditional favorite in my family, Brazilian carrot cake is very different from the American version. The popular cake is topped with homemade chocolate frosting, and perfect to serve with a glass of milk or tea.","  large carrots, peeled and thinly sliced ,   eggs ,   cup cooking oil ,   cups white sugar ,   cups all-purpose flour ,   tablespoon baking powder ,   tablespoons butter or margarine ,   cup white sugar ,   cup instant hot chocolate mix ,  Â¾ cup milk ",Brazilian
ceviche,"This ceviche recipe is from my husband's family from Peru. The ceviche is made with salmon, shrimp, and of course, lots of lime juice. You can substitute other fish, like tilapia, as well. Use fewer chile peppers (or remove the seeds) if you don't like it too spicy. In Peru, it is generally eaten with sweet potatoes.","  pounds salmon fillets, cubed ,   cups uncooked medium shrimp, peeled and deveined ,   quarts water, divided ,   cup sea salt, divided ,   red onions, thinly sliced ,   Â¾ cups lime juice ,   stalk celery, chopped ,    inch piece fresh ginger root, peeled and chopped ,   cloves garlic ,   dried red chile peppers ,   bunch fresh cilantro, chopped ,   lettuce leaves ,   fresh lime wedges ",Peruvian
cheesecake,"My mom searched for years for an authentic German cheesecake recipe, but Germans use quark, an ingredient not readily available in the United States. This recipe uses cottage cheese in place of quark and makes its own crust while baking.","   cups white sugar ,   tablespoons cornstarch ,   tablespoons all-purpose flour ,    ounce packages cream cheese, softened ,   pound small curd cottage cheese ,   cup butter, softened ,   medium eggs ,    tablespoons lemon juice ,   teaspoon vanilla extract ",German Recipes
chicken_curry,This is a really good recipe for spicy Indian chicken curry. It's pretty easy to make and tastes really good!,"  pounds skinless, boneless chicken breast halves ,   teaspoons salt ,   cup cooking oil ,    cups chopped onion ,   tablespoon minced garlic ,    teaspoons minced fresh ginger root ,   tablespoon curry powder ,   teaspoon ground cumin ,   teaspoon ground turmeric ,   teaspoon ground coriander ,   teaspoon cayenne pepper ,   tablespoon water ,    ounce can crushed tomatoes ,   cup plain yogurt ,   tablespoon chopped fresh cilantro ,   teaspoon salt ,   cup water ,   teaspoon garam masala ,   tablespoon chopped fresh cilantro ,   tablespoon fresh lemon juice ",Indian
chicken_wings,"These delicious teriyaki chicken wings are a hit at every party! I made 10 pounds of these wings for a recent get-together, and not one wing was left at the end of the night.","  cup water ,   cup soy sauce ,   cup white sugar ,   cup pineapple juice ,   cup vegetable oil ,   tablespoon minced fresh garlic ,   tablespoon minced fresh ginger ,   pounds chicken wings or drumettes ",Canadian Recipes
chocolate_cake,Very chocolaty chocolate cake made from scratch! Perfect for kids' birthday parties and it is good they learn to appreciate the taste of real chocolate and real whipped cream!,"  cup self-rising flour ,   cup unsweetened cocoa powder ,   eggs ,  Â¾ cup white sugar ,   cup water ,  Â¾ cup white sugar ,   cup water ,  â…ž cup white sugar ,   egg whites ,   ounces bittersweet chocolate, chopped ,   Â¾ cups heavy cream, chilled ,   cup heavy cream at room temperature ",Greek Recipes
chocolate_mousse,"My husband and I honeymooned in Paris two years ago. We were on our way to see the Eiffel Tower when it began to rain. Quickly, we hurried into the first cafe we came across. We ordered chocolate mousse for dessert. To say that it was divine would be an understatement. I knew I wanted to recreate that dessert for my husband when we got home. Serve in wine glasses for a nice touch.","   ounce bag semisweet chocolate chips, or more to taste ,    cups heavy whipping cream, divided ,   cup hot, strong coffee ,   teaspoon vanilla extract ",French Recipes
churros,"Churros (Mexican fritters) are very common at fairs. In my border hometown, the line at this stand is always overwhelming. People wait hours in line just to get a taste of these churros. I have run across several recipes but this is the best one by far.","  cup water ,    tablespoons white sugar ,   teaspoon salt ,   tablespoons vegetable oil ,   cup all-purpose flour ,   quarts oil for frying ,   cup white sugar, or to taste ,   teaspoon ground cinnamon ",Jewish Recipes
club_sandwich,My girls love these fruity sandwiches for picnics at the park. We have them for girls' lunches and showers too.,"  cups diced, cooked chicken breast meat ,   green onions, minced ,   cup refrigerated poppyseed salad dressing, or to taste ,   Hawaiian sweet bread rolls, sliced in half horizontally ,    ounce container pineapple cream cheese spread ,   large leaves Boston lettuce, halved ,    ounce package fresh strawberries, hulled and diced ",Jewish Recipes
clam_chowder,I serve this chowder Christmas night. Everyone welcomes the change from all of the junk food and turkey. It is very creamy and satisfying. Serve it with cornbread or crusty French bread.,"  cup butter ,   bunch green onions, chopped ,   cup butter ,   pounds frozen crawfish, cleaned ,    ounce cans condensed cream of potato soup ,    ounce can condensed cream of mushroom soup ,    ounce can whole kernel corn, drained ,   ounces cream cheese, softened ,   cups half-and-half cream ,   teaspoon cayenne pepper ",Southern Recipes
crab_cakes,"Two of the most crucial ingredients used in New Orleans cooking are Cajun spice and local seafood! Crab has always been my favorite type of shellfish, but I have never really cared much for crab cakes. The overpowering presence of seasoned breadcrumbs used in most recipes interferes with the sweet and delicate flavors of the fresh lump crabmeat. After years of experimenting with many of New Orleans' most famous crab cake recipes, I have created a flavorful, mouth-watering, delicious piece of work! The key is to use a small amount of crumbled crackers instead of breadcrumbs. I hope you enjoy!","  tablespoons salted butter ,   onion, finely chopped ,   stalks celery, finely chopped ,   large red bell pepper, finely chopped ,   bunch green onions green portion only, chopped ,   large carrot, finely chopped ,   cloves garlic, minced ,   tablespoon parsley flakes ,   teaspoons Creole seasoning such as Tony Chachere sÂ® ,   teaspoons dried basil ,   teaspoons ground black pepper ,   teaspoon dried dill weed ,   teaspoon oregano ,   teaspoon dried thyme ,   large eggs, beaten ,   pound lump crabmeat, picked free of shell ,   buttery crackers such as Keebler ClubÂ® crackers, crushed ,   tablespoons vegetable oil ,   cup mayonnaise ,   tablespoon chile-garlic sauce such as SrirachaÂ® ,   teaspoons Creole seasoning such as Tony Chachere sÂ® ,   teaspoons parsley flakes ,   teaspoon paprika ",Southern Recipes
creme_brulee,"This basic vanilla-bean recipe is so versatile and can be used as the base for many different variations of this classic dessert. The only problem is that it goes fast even when you triple and quadruple the batch! My kids like to top with sliced bananas, sprinkle with sugar and then caramelize with the torch. To finish it off, they drizzle it with homemade chocolate sauce to make a banana split creme brulee.","  cup whole milk ,    cups heavy whipping cream ,  â…” cup white sugar ,   pinch salt ,   whole vanilla bean, split lengthwise and scraped ,   large egg yolks ,   cup white sugar ",French Recipes
croque_madame,"A classic croque madame makes the perfect French-inspired brunch or lunch dish. Once you try this, it will be hard to have ""just"" a ham and cheese sandwich again. Don't cheat and use Swiss cheese, this deserves the real thing! Using GruyÃ¨re cheese will make all the difference.","  tablespoons salted butter, softened, divided ,    tablespoons all-purpose flour ,   cup milk ,   ounces shredded GruyÃ¨re cheese ,   teaspoon salt, or to taste ,   teaspoon ground black pepper, or to taste ,  â…› teaspoon ground nutmeg ,   slices white bread, lightly toasted ,   teaspoons Dijon mustard ,   thin slices Black Forest ham ,   large eggs ,   tablespoon water ,   teaspoon chopped fresh dill, or to taste Optional ",French Recipes
cup_cakes,"For those who like the edges of butter mochi, this cupcake recipe is for you.","   ounce box mochiko sweet rice flour ,   cup powdered sugar ,  Â¾ teaspoon baking powder ,   stick unsalted butter, melted ,    ounce can coconut milk ,    fluid ounce can evaporated milk ,   large eggs ,   teaspoon vanilla extract ",Australian and New Zealander Recipes
deviled_eggs,These deviled eggs are delicious for Easter brunch and are always popular at our holiday parties. Adjust the amount of salt and sugar in this recipe to suit your taste. I like to add onion and celery for a little more texture.,"  hard-cooked eggs ,   tablespoons mayonnaise ,   teaspoon white sugar, or to taste ,   teaspoon white vinegar ,   teaspoon prepared mustard ,   tablespoon finely chopped onion ,   tablespoon finely chopped celery ,   teaspoon salt, or to taste ,   pinch paprika, or to taste ",Canadian Recipes
dumplings,"These tasty steamed pork dumplings make a perfect appetizer for a party or you can serve them as a main dish.  Serve with hoisin sauce, hot Chinese-style mustard, and toasted sesame seeds.","   inch square wonton wrappers ,   Â¾ pounds ground pork ,   tablespoon minced fresh ginger root ,   cloves garlic, minced ,   tablespoons thinly sliced green onion ,   tablespoons soy sauce ,   tablespoons sesame oil ,   egg, beaten ,   cups finely shredded Chinese cabbage ",Chinese
edamame,"This recipe for soybeans is fast and delicious, resulting in a fantastic and healthy protein-packed snack that can easily replace potato chips. Serve warm. Note: You don't eat the outer pod of this bean! Put the pod in your mouth, and use your teeth to pull out the beans inside.","   ounce package frozen edamame in the pod ,   teaspoons sesame seeds ,   tablespoons white sugar ,   tablespoons soy sauce ,   teaspoons olive oil ,   teaspoon red pepper flakes, or more to taste ",Chinese Recipes
eggs_benedict,"This Louisville staple is an easy and refreshing cucumber spread or dip and can be served with almost anything you could imagine. Dipping club crackers or pita and French bread toast points are favorites, but carrot sticks and pretzels are great too. We use it for cucumber sandwiches, spread it onto our BLTs, and use it as a sauce on poached salmon. You can serve it immediately or refrigerate it to firm up and let the flavors meld.","  English cucumbers - peeled, seeded, and cut into -inch chunks ,   tablespoons minced white onion ,    ounce package cream cheese, softened ,   teaspoon dried dill ,   dash hot pepper sauce such as TabascoÂ®, or to taste ,   drop green food coloring, or as needed Optional ,  cayenne pepper, or to taste ",Southern Recipes
falafel,"An easy, yummy way to make falafel. Serve with pita bread and your favorite tzatziki.","  cup chopped onion ,    ounce can garbanzo beans, rinsed and drained ,   cup chopped fresh parsley ,   cloves garlic, minced ,   teaspoon ground cumin ,   teaspoon ground coriander ,   teaspoon salt ,   teaspoon baking soda ,   tablespoon all-purpose flour ,   egg, beaten ,   teaspoons olive oil ",Jewish
filet_mignon,These luscious steaks' peppery bite is tamed with a velvety cream sauce.,"  cup coarsely crushed black peppercorns ,    ounce  / inch thick filet mignon steaks ,  salt to taste ,   tablespoon butter ,   teaspoon olive oil ,   cup beef broth ,   cup heavy cream ",French Recipes
fish_and_chips,"Fish and chips is a hot dish consisting of fried fish in batter, served with chips. The dish originated in England, where these two components had been introduced from separate immigrant cultures; it is not known who combined them. Often considered Britain's national dish, fish and chips is a common takeaway food in numerous other countries, particularly English-speaking and Commonwealth nations."," large potatoes, peeled and cut into strips cup all-purpose flour teaspoon baking powder teaspoon salt teaspoon ground black pepper cup milk egg quart vegetable oil for frying pounds cod fillets",European
foie_gras,"Foie Gras is a controversial French delicacy made from the fattened liver of ducks or geese. The liver is typically seasoned and then gently cooked, resulting in a rich, buttery, and luxurious taste. It can be served as pâté, seared, or incorporated into various dishes.","Duck or goose liver, salt, seasonings.",French Recipes
french_fries,"French fries, chips, finger chips, french-fried potatoes, or simply fries, are batonnet or allumette-cut deep-fried potatoes of disputed origin from Belgium or France. They are prepared by cutting potatoes into even strips, drying them, and frying them, usually in a deep fryer. Pre-cut, blanched, and frozen russet potatoes are widely used, and sometimes baked in a regular or convection oven; air fryers are small convection ovens marketed for frying potatoes.",,Belgium
french_onion_soup,The best onion soup you will ever have!!!!!,"  cup butter ,   onions, thinly sliced ,   teaspoon white sugar ,   tablespoon all-purpose flour ,    cups water ,   cup red wine ,    ounce cans condensed beef broth ,   French baguette ,   ounces sliced Swiss cheese ",French Recipes
french_toast,"Inspired by a recipe I saw on television, I experimented with different combinations and came up with this. This is a delicious and unusual variation on plain old French Toast. Try it, I guarantee you'll love it! Thanks to the Blue Moon Cafe in Baltimore for the inspiration. Not for the diet conscious, but it tastes so good you won't care! Put bread in a warm oven to keep heated until the rest of the bread is done, if needed. Serve with a dollop of butter and warmed pure maple syrup, if desired.","  large eggs ,    tablespoons white sugar ,   cup heavy cream ,   cup % low-fat milk ,   teaspoon vanilla extract ,   teaspoon ground cinnamon ,   teaspoon ground nutmeg ,    ounce package brown sugar and butter flavored crispy corn and oat breakfast cereal such as Capâ€™n CrunchÂ®, crushed ,   thick slices egg bread Challah ,   tablespoons butter ",Canadian Recipes
fried_calamari,"This fried calamari is a delicious, easy, quick, but moderately expensive recipe. Everyone I've fixed this for absolutely loves it!","  cups vegetable oil ,   cup all-purpose flour ,   teaspoon salt ,   teaspoon dried oregano ,   teaspoon ground black pepper ,   squid, cleaned and sliced into rings ,   lemon - cut into wedges, for garnish ",Italian Recipes
fried_rice,"This chicken fried rice recipe is very easy and tasty! It's basically cooked chicken, rice, soy sauce, and shredded egg stir-fried together. For best results, use leftover cooked rice.","  egg ,   tablespoon water ,   tablespoon butter ,   tablespoon vegetable oil ,   onion, chopped ,   cups cooked white rice, cold ,   cup cooked, chopped chicken meat ,   tablespoons soy sauce ,   teaspoon ground black pepper ",Chinese
garlic_bread,"Easy roasted garlic bread made with roasted garlic, butter, and Parmesan cheese.","  heads garlic ,   tablespoons olive oil ,    pound loaf Italian bread ,   cup butter, softened ,   tablespoons grated Parmesan cheese Optional ,   tablespoon chopped fresh parsley Optional ",Italian Recipes
gnocchi,"Gnocchi is simple to make with just three ingredients: mashed potato, flour, and egg. This recipe is one my family has used for generations.","  potatoes, peeled ,   cups all-purpose flour ,   egg ",Jewish Recipes
greek_salad,This Greek salad recipe is incredibly good! It's nice and tangy and tastes even better in the summer when tomatoes and cucumbers are at their best.,"  head romaine lettuce- rinsed, dried and chopped ,   cucumber, sliced ,   large tomatoes, chopped ,    ounce can pitted black olives ,   green bell pepper, chopped ,   red bell pepper, chopped ,   red onion, thinly sliced ,   cup crumbled feta cheese ,   tablespoons olive oil ,   lemon, juiced ,   teaspoon dried oregano ,  ground black pepper to taste ",Greek
grilled_cheese_sandwich,Learn how to make a grilled cheese sandwich in a nonstick pan with buttered bread and American Cheddar for a classic hot sandwich.," bread tablespoons butter, divided slices Cheddar cheese",Southern Recipes
grilled_salmon,"This grilled salmon tastes so good! A simple soy sauce and brown sugar marinade, with hints of lemon and garlic, are the perfect salty-sweet complement to rich salmon fillets. Even my 9-year-old loves this recipe!","   pounds salmon fillets ,  lemon pepper to taste ,  garlic powder to taste ,  salt to taste ,   cup soy sauce ,   cup brown sugar ,   cup water ,   cup vegetable oil ",Jewish Recipes
guacamole,This guacamole recipe gets a tasty kick from cayenne and cilantro. You can serve it smooth or chunky depending on your tastes.,"  avocados - peeled, pitted, and mashed ,   lime, juiced ,   teaspoon salt ,   roma plum tomatoes, diced ,   cup diced onion ,   tablespoons chopped fresh cilantro ,   teaspoon minced garlic ,   pinch ground cayenne pepper Optional ",Jewish Recipes
gyoza,"I learned this gyoza recipe while living in Japan. These pot stickers can be served hot or cold, with or without the dipping sauce.","  tablespoon sesame oil ,   cups chopped cabbage ,   cup chopped onion ,   cup chopped carrot ,   clove garlic, chopped ,   pound ground pork ,   large egg ,    ounce package wonton wrappers ,   tablespoon vegetable oil ,   cup water ,   cup soy sauce ,   tablespoons rice vinegar ",Japanese Recipes
hamburger,"Frikadellen, the original hamburger, are served like a flattened meatball with string beans and salad. I also like to use this recipe to make Swedish meatballs (but omit the paprika). My aunt in Hamburg, Germany, taught me this recipe, and I've been making it ever since. Serve with steamed string beans and tossed salad. Or serve on a kaiser roll with lettuce, tomato, pickled cucumbers, finely sliced deep-fried onions, and curry ketchup.","  kaiser roll ,  â…” pound ground beef ,   pound ground pork ,   onion, finely chopped ,   cup chopped fresh parsley ,   large egg ,   teaspoon Hungarian hot paprika Optional ,  salt and ground black pepper to taste ",German
hot_and_sour_soup,"Fantastic authentic Thai hot and sour soup. Ideal as a starter in a Thai meal. Not very filling, but a great appetizer. Very quick and easy to prepare. The tom yum paste is hot, so try the soup before adding the chile and decide if any extra heat is required. Do not attempt if you do not have fresh coriander, as this is vital!","  cups chicken stock ,   tablespoon tom yum paste ,   clove garlic, finely chopped ,   stalks lemon grass, chopped ,   makrut lime leaves ,   skinless, boneless chicken breast halves - shredded ,   ounces fresh mushrooms, thinly sliced ,   tablespoon fish sauce ,   tablespoon lime juice ,   teaspoon chopped green chile pepper ,   bunch fresh coriander, chopped ,   sprig fresh basil, chopped ",Thai
hot_dog,"This is my family's favorite hot dog sauce recipe. It originates from West Virginia. We like it with a bite, but you can adjust it to your taste. We top our hot dogs with ketchup, mustard, this hot dog sauce, and finally some chopped onions â€” yum! This recipe makes a good amount, so you can freeze some and use it later.","   pounds lean ground beef ,   cup water ,   cup tomato sauce ,   cup ketchup ,   tablespoon white sugar ,   tablespoon chili powder ,    teaspoons salt ,    teaspoons pepper ,  crushed red pepper flakes to taste ",Southern Recipes
hummus,"Hummus is a pureed garbanzo bean dip with Middle Eastern origins. Serve with pita and an assortment of fresh vegetables. This is the secret combination straight from a Boston restaurant. Tahini, or sesame seed paste, can be found in health food stores, gourmet shops and even many grocery stores.","  cups canned garbanzo beans, drained ,   cup tahini ,   cup lemon juice ,   teaspoon salt ,   cloves garlic, halved ,   tablespoon olive oil ,   pinch paprika ,   teaspoon minced fresh parsley ",Greek Recipes
ice_cream,This peach ice cream is the best you'll ever eat!,"   pounds fresh peaches - peeled, pitted and chopped ,   pint half-and-half cream ,   cup white sugar ,    ounce can sweetened condensed milk ,    fluid ounce can evaporated milk ,   teaspoon vanilla extract ,   cups whole milk, or as needed ",Southern Recipes
lasagna,Making this lasagna recipe a day ahead and refrigerating overnight allows the spices to meld and gives it exceptional flavor.,"   pounds lean ground beef ,   onion, chopped ,   cloves garlic, minced ,    ounce can diced tomatoes ,    ounce cans tomato paste ,   tablespoons brown sugar ,   tablespoon chopped fresh basil ,    teaspoons salt, divided ,   teaspoon dried oregano ,   dry lasagna noodles ,   pint part-skim ricotta cheese ,   cup grated Parmesan cheese ,   large eggs, beaten ,   tablespoons dried parsley ,   pound mozzarella cheese, shredded ,   tablespoons grated Parmesan cheese ",Italian Recipes
Macarons,"Macarons are dainty sandwich cookies made with almond flour and meringue and filled with jam, buttercream, or ganache. Not to be confused with coconut macaroons. They're tricky to make, with even the pros claiming failure on a regular basis. After going through dozens of recipes and trials, this is the most reliable homemade macaron recipe I could come up with.","  extra large egg whites ,   â…” cups confectioners  sugar ,    cups almond flour ,  â…› teaspoon salt ,   cup superfine castor sugar ,   cup seedless raspberry jam ",French
miso_soup,"This miso soup is full of savory flavors. Add more dashi to your soup if you want a stronger stock. You can use yellow, white, or red miso paste for this soup â€” yellow miso is sweet and creamy, red miso is stronger and saltier.","  cups water ,   teaspoons dashi granules ,   tablespoons miso paste ,    ounce package silken tofu, diced ,   green onions, sliced diagonally into / inch pieces ",Japanese
mussels,These easy Thai mussels are deliciously spicy and can be finished in just 30 minutes.,"   ounce can unsweetened coconut milk ,   cup fresh lime juice ,   cup dry white wine ,    tablespoons Thai red curry paste ,    tablespoons minced garlic ,   tablespoon Asian fish sauce ,   tablespoon white sugar ,   pounds fresh mussels, scrubbed and debearded ,   cups chopped fresh cilantro ",Thai
nachos,These sheet pan nachos are the perfect bites of Greek salad on a crunchy canvas. Delightfully surprising take on nachos. These will be a hit at the next party. Everything can be made ahead of time and assembled just before serving. These will make a great dinner as well!,"   ounce can chickpeas, rinsed and drained ,   tablespoons olive oil, divided ,   teaspoon kosher salt, divided ,   teaspoon paprika ,  Â¾ cup diced Roma tomatoes ,  Â¾ cup diced cucumber ,   cup finely chopped red onion ,   tablespoons finely chopped fresh parsley ,   teaspoons fresh lemon juice ,   teaspoons red wine vinegar, divided ,   teaspoon dried oregano ,   teaspoon ground black pepper, divided ,  Â¾ cup Greek yogurt ,   tablespoon finely chopped fresh dill ,   teaspoon garlic powder ,   ounces pita chips ,    cups shredded rotisserie chicken ,   ounces feta cheese, crumbled ,   cups shredded romaine lettuce ,   cup sliced pepperoncini peppers ,   cup pitted and sliced Kalamata olives ",Greek Recipes
oysters,A traditional recipe for oysters Rockefeller.,"  slices bacon ,   unopened, fresh, live medium oysters ,    cups cooked spinach ,   cup bread crumbs ,   cup chopped green onions ,   tablespoon chopped fresh parsley ,   teaspoon salt ,   dash hot pepper sauce ,   tablespoons extra virgin olive oil ,   teaspoon anise flavored liqueur ,   cups kosher salt ",Southern Recipes
pad_thai,"This is a traditional pad thai recipe used by a friend's mother. You can use chicken, pork, beef, tofu, or a combination. You may want to start with less pepper and work your way up.","   ounce package rice noodles ,   tablespoons butter ,   pound boneless, skinless chicken breast halves, cut into bite-sized pieces ,   cup vegetable oil ,   eggs ,   tablespoons white sugar ,   tablespoons fish sauce ,   tablespoon white wine vinegar ,  â…› tablespoon crushed red pepper ,   cups bean sprouts ,   green onions, chopped ,   cup crushed peanuts ,   lemon, cut into wedges ",Thai Recipes
paella,"This paella made with chicken, shrimp, sausage, and rice blend wonderfully with herbs and spices! There is always plenty to go around!","   ounce links hot Italian sausage, cut into  inch pieces ,    ounce links mild Italian sausage, cut into  inch pieces ,   raw chicken tenders or strips ,   pounds large shrimp - peeled and deveined ,   onion, chopped ,   green bell pepper, seeded and cut into strips ,   large stalk celery, with leaves, finely chopped ,   cloves garlic, minced Optional ,   cups uncooked long grain rice ,    ounce cans peeled and diced tomatoes, juice reserved ,   bay leaves ,   teaspoons salt ,   teaspoon dried oregano ,  Â¾ teaspoon ground turmeric ,    cups chicken broth ",Spanish
pancakes,"These pancakes are not too thick, not too thin, but tender, light, buttery, and delicious. Anybody can add water to a boxed pancake mix, but you're better than that!","   cups all-purpose flour ,    teaspoons baking powder ,   tablespoon white sugar ,   teaspoon salt ,    cups milk ,   tablespoons butter, melted ,   egg ,  cooking spray ",Canadian Recipes
panna_cotta,"Panna cotta is a traditional, easy, and delicious Italian custard. I had a difficult time finding a good, simple recipe on the Internet, so I made up my own recipe. It tastes just like the panna cotta served at Italian restaurants. Serve with warm hot fudge sauce and fresh raspberries on top. This keeps well for several days in the refrigerator.","  cup skim milk ,    ounce envelope unflavored gelatin ,    cups heavy cream ,   cup white sugar ,    teaspoons vanilla extract ",Italian Recipes
pizza,This pizza comes together in a flash and looks like one you'd get from a fancy pizza joint. The key is to use a brand of nuggets you are familiar with and enjoy. Don't skip the fresh basil--that extra layer of flavor makes the whole pizza pop.,"  frozen chicken nuggets ,   -inch pre-baked pizza crust ,  / cup marinara sauce ,   button mushrooms, sliced ,  / cup shredded mozzarella cheese ,  / cup shredded Parmesan cheese ,   basil leaves, cut into thin ribbons ",Italian Recipes
pork_chop,"This is using Panko, which is Japanese bread crumbs (really light and airy, more so than crackers), and thinly sliced boneless pork chops.","  eggs ,   teaspoon milk ,   teaspoon minced garlic ,  salt to taste ,   teaspoon pepper ,   cup vegetable oil for frying ,   thin cut boneless pork chops ,    cups panko crumbs ",Japanese Recipes
poutine,"This poutine is an indulgence of fries, gravy, and cheese. A Canadian specialty!","  quart vegetable oil for frying ,    ounce can beef gravy ,   medium potatoes, cut into fries ,   cups cheese curds ",Canadian
ramen,"If you have ever wanted to make Japanese noodle house ramen, this tonkatsu recipe is for you. This everyday meal is great for singles with some cooking experience; it may take longer than the overall time without cooking experience. To save time, I rarely measure each ingredient's amount due to the large number of small measurements in the recipe.","  large egg ,    teaspoons spicy sesame oil ,   x-inch boneless pork chop slices ,   tablespoons olive oil, divided ,   tablespoon black sesame seeds, divided ,   leaves fresh basil, chopped, divided ,   leaf fresh sage, chopped, divided ,    ounce package instant ramen noodles such as ShirakikuÂ®, seasoning packet discarded ,   tablespoons shredded dried kombu ,   Â¾ tablespoons bonito soup stock such as HondashiÂ® ,   Â¾ tablespoons soy sauce shoyu ,   teaspoon white miso paste with dashi ,   /-inch slices fish paste stick naruto ,   tablespoon tonkatsu sauce ,   tablespoon sushi ginger shoga, finely chopped ,   green onion, thinly sliced ,   pinch ground black pepper ",Japanese Recipes
ravioli,"This ravioli recipe includes a homemade pesto-Alfredo sauce and marinara. I wanted to recreate the ravioli dish that you get at Maggiano's Italian restaurant and it turned out great! Don't be intimidated by the large list of ingredients, it is well worth it.","  cups all-purpose flour ,   pinch salt ,   eggs ,    tablespoons water ,   teaspoon olive oil ,    ounce container ricotta cheese ,    ounce package cream cheese, softened ,   cup shredded mozzarella cheese ,   cup shredded provolone cheese ,   egg ,    teaspoons dried parsley ,   tablespoons olive oil ,   cloves garlic, crushed ,   tablespoons prepared basil pesto sauce ,   cups heavy cream ,   cup grated Parmesan cheese ,    ounce jar marinara sauce ,   egg ,   tablespoon water ",Italian
risotto,"This mushroom risotto is cooked the slow and painful way, but-oh so worth it. Complements grilled meats and chicken dishes very well. Check the rice by biting into it. It should be slightly al dente (or resist slightly to the tooth but not be hard in the center).","  cups chicken broth, or as needed ,   tablespoons olive oil, divided ,   pound portobello mushrooms, thinly sliced ,   pound white mushrooms, thinly sliced ,   medium shallots, diced ,    cups Arborio rice ,   cup dry white wine ,   tablespoons butter ,   tablespoons finely chopped chives ,   cup freshly grated Parmesan cheese ,  sea salt and freshly ground black pepper to taste ",Italian
samosa,"These stuffed savory pastries are a traditional Indian favorite. Lamb meat and spices are cooked together to create a mouthwatering filling for the easy to make dough. The recipe may seem complex, but it's actually fairly simple. Enjoy!","  cups all-purpose flour ,   teaspoon salt ,   tablespoons butter ,   cup water ,   quart oil for deep frying ,   tablespoons butter ,   small onion, chopped ,   cloves garlic, chopped ,   green chile peppers, chopped ,   tablespoon fresh ginger root, chopped ,   teaspoon ground turmeric ,   teaspoon chili powder ,  Â¾ pound ground lamb ,   teaspoon salt ,   teaspoons garam masala ,    tablespoons fresh lemon juice ",Indian Recipes
sashimi,Sushi rolls can be filled with any ingredients you choose. Try smoked salmon instead of imitation crabmeat. Serve with teriyaki sauce and wasabi.,"   cups water ,  â…” cup uncooked short-grain white rice ,   tablespoons rice vinegar ,   tablespoons white sugar ,    teaspoons salt ,   sheets nori seaweed sheets ,   pound imitation crabmeat, flaked ,   avocado - peeled, pitted, and sliced ,   cucumber, peeled, cut into small strips ,   tablespoons pickled ginger ",Japanese Recipes
scallops,Scallops with an Asian twist! This dish is great served over a bed of steamed rice.,"  tablespoon cornstarch ,   cup dry white wine ,   tablespoons peanut oil ,   green onions, minced ,    pounds scallops ,   cup clam juice ,   teaspoon salt ,   teaspoon ground cayenne pepper ,   teaspoon ground ginger ,    ounce can sliced water chestnuts ",Chinese Recipes
seaweed_salad,"These seaweed-wrapped mochi blocks dipped in soy are a delicious treat. Mochi is a sweet, short-grain, glutinous rice with a high starch content. It's commonly used to make rice cakes, and it's also used in confections and rice dishes. It can be bought in almost any Japanese grocery store.","  frozen mochi squares ,   cup soy sauce, or to taste ,   sheet nori dry seaweed ",Japanese Recipes
shrimp_and_grits,Great shrimp and grits recipe.,"  cups water ,   teaspoons salt ,   cup coarsely ground grits ,   cups half-and-half ,   pounds uncooked shrimp, peeled and deveined ,  salt to taste ,   pinch cayenne pepper, or to taste ,   medium lemon, juiced ,   pound andouille sausage, cut into /-inch slices ,   slices bacon ,   medium green bell pepper, chopped ,   medium red bell pepper, chopped ,   medium yellow bell pepper, chopped ,   cup chopped onion ,   teaspoon minced garlic ,   cup butter ,   cup all-purpose flour ,   cup chicken broth ,   tablespoon Worcestershire sauce ,   cup shredded sharp Cheddar cheese ",Southern Recipes
spaghetti_bolognese,"Recipe passed on from my Italian grandfather. The ultimate comfort food. Leftovers freeze nicely! To make this recipe more authentic, you can use a mixture of ground veal, pork, and beef. You can also substitute the balsamic vinegar for 1/2 cup of red wine.","   ounce package spaghetti ,   tablespoons olive oil ,   slices bacon, diced ,   large onion, finely chopped ,   stalk celery, finely chopped ,   carrot, finely chopped ,   teaspoon dried oregano ,   cloves garlic, minced ,   pound lean ground beef ,   tablespoons balsamic vinegar ,    ounce cans crushed tomatoes ,   tablespoons tomato paste ,   teaspoons white sugar ,  salt and ground black pepper to taste ,   tablespoons chopped fresh basil ,   cup freshly grated Parmesan cheese ",Italian Recipes
spaghetti_carbonara,"This bacon carbonara is a super rich, classic ""bacon and egg"" spaghetti dish that's great to serve for company. This recipe also makes an unusual brunch offering.","  pound spaghetti ,   tablespoons olive oil, divided, or as needed ,   slices bacon, diced ,   onion, chopped ,   clove garlic, minced ,   cup dry white wine ,   large eggs, beaten ,   cup grated Parmesan cheese ,  salt and black pepper to taste ,   tablespoons chopped fresh parsley ,   tablespoons grated Parmesan cheese ",Italian Recipes
spring_rolls,"These chicken spring rolls with a Thai-style peanut sauce are filled with marinated chicken breast and crisp vegetables, which make a beautiful presentation through the translucent spring roll wrappers. Serve as an appetizer or light entrÃ©e.","   cups peanut sauce, divided ,    / inch piece fresh ginger root, minced ,   cloves garlic, minced ,   teaspoons soy sauce, divided ,   pound skinless, boneless chicken breast halves - cut into  inch pieces ,   teaspoons peanut oil, divided ,   ounces bean sprouts ,   ounces fresh snow pea pods ,   green onions, chopped ,   pound watercress, chopped ,   cup chopped fresh cilantro ,   large carrots, peeled ,   spring roll wrappers ",Vietnamese
steak,"This baked country-style steak is the recipe that my momma passed down to me. Born and raised in the South, my momma was raised on a farm, so my family knows a lot about southern cookin'. With this recipe, don't be shy to add other spices to it. This goes perfectly with mashed potatoes, green beans, and sweet tea. You can use the gravy from the steak for the mashed potatoes.","  cup all-purpose flour ,   teaspoon cracked black pepper ,   teaspoon seasoned salt ,   teaspoon garlic powder Optional ,   pound beef cube steaks ,   cup olive oil ,   cups beef broth ",Southern Recipes
strawberry_shortcake,"I came up with this recipe to enter in a mango contest at the fair. With the sunny flavors of lime, mangoes, coconut, and berries, it is perfect for summer!","  ripe mangoes, cut into /-inch cubes ,  Â¾ cup fresh blueberries ,   cup sliced fresh strawberries ,    teaspoons lime juice ,   tablespoon honey ,   teaspoon unflavored gelatin ,   tablespoon water ,   cup heavy cream ,   tablespoons confectioners  sugar ,   teaspoon coconut extract Optional ,    cups all-purpose flour ,    teaspoons baking powder ,   cup white sugar ,   tablespoon grated lime zest ,   tablespoon poppy seeds ,    teaspoons salt ,   cup vegetable shortening ,   egg ,   cup buttermilk ",Jewish Recipes
tacos,"Quick and full of flavor, you can adjust heat by removing the seeds from jalapeno. Garnish tacos with chipotle ranch, salsa verde, and avocado. I make the chipotle ranch with fat free sour cream to save a bit of calories.","  cups water ,    ounce package yellow rice ,   tablespoons olive oil, divided Optional ,   pound boneless chicken, cut into /-inch cubes ,    ounce package chicken taco seasoning mix ,    ounce can black beans, rinsed and drained ,    cups shredded Mexican cheese blend ,    ounce can sliced olives ,   jalapeno pepper, seeded and minced ,   corn tortillas ,   tablespoon bacon grease ",Tex-Mex
tiramisu,"Tiramisu is a classic Italian layered dessert with rum-flavored, coffee-soaked ladyfingers, a creamy mascarpone custard, and whipped cream. This tiramisu recipe is easy to make at home for an impressive no-bake dessert.","  large egg yolks ,  Â¾ cup white sugar ,  â…” cup milk ,    cups heavy cream ,   teaspoon vanilla extract ,   pound mascarpone cheese, at room temperature ,   cup strong brewed coffee, at room temperature ,   tablespoons rum ,    ounce packages ladyfinger cookies ,   tablespoon unsweetened cocoa powder ",Italian Recipes
tuna_tartare,This tuna tartare recipe is amazingly simple. It takes only 10 minutes and tastes like it came from a 5-star restaurant!,"  tablespoons olive oil ,   tablespoon sesame seeds ,   teaspoon wasabi powder ,  â…› teaspoon cracked black pepper ,   pound sushi grade tuna, finely diced ,  sliced French bread ",Japanese Recipes
waffles,These waffles turn out lovely and crispy. Perfect for any day of the week!,"  cups all-purpose flour ,   teaspoon salt ,   teaspoons baking powder ,   tablespoons white sugar ,   eggs ,    cups warm milk ,   cup butter, melted ,   teaspoon vanilla extract ",Jewish Recipes
aloo_gobi,"A daily household dish in India, made in every house and cherished by each and every person. This authentic dish is made with tomatoes and onions flavored with the aromas of the Indian spices. This is cherished with phulka (roti, Indian wheat bread). There are various versions of aloo gobi, this is my take on it. Please do try this recipe and comment. Garnish with coriander leaves and serve with a lemon wedge. Serve with hot phulka or chapati or rice and curds.","  cup vegetable oil for frying, or as needed ,   large potatoes, peeled and cubed ,   cup small cauliflower florets ,   tablespoon vegetable oil ,  Â¾ teaspoon roasted ground cumin ,   cloves garlic, minced ,   green chile pepper, seeded and minced ,   medium onion, sliced lengthwise ,   tablespoon ginger garlic paste ,   medium tomato, chopped ,  salt to taste ,    teaspoons red chile powder ,    teaspoons garam masala ,  Â¾ teaspoon ground turmeric ,  Â¾ teaspoon ground cumin ,  Â¾ teaspoon ground coriander ,   pinch white sugar, or to taste ,   tablespoon water, or to taste ,    teaspoons lemon juice ,    teaspoons ground fenugreek menthi powder ",Indian Recipes
adhirasam,"Adhirasam is a traditional South Indian sweet delicacy. It consists of a sweet, aromatic dough made from rice flour and jaggery, flavored with cardamom. The dough is shaped into discs and deep-fried until golden brown, resulting in a crispy outer layer with a sweet and slightly chewy inside.","Potatoes, green peas, tomatoes, spices.",Indian Recipes
aloo_matar,"Aloo Matar is a comforting North Indian dish that combines potatoes and green peas in a rich tomato-based gravy. The dish is seasoned with a blend of aromatic spices, resulting in a flavorful and satisfying curry that pairs well with rice or bread","Potatoes, fenugreek leaves, spices.",Indian Recipes
aloo_methi,"Aloo Methi is a simple yet flavorful North Indian dish where potatoes are cooked with fresh fenugreek leaves (methi). The bitterness of the methi leaves is balanced by the starchiness of the potatoes and a combination of spices, creating a delicious side dish.","Potatoes, bell peppers, tomatoes, spices.",Indian Recipes
aloo_shimla_mirch,Aloo Shimla Mirch is a vibrant and savory North Indian curry featuring potatoes (aloo) and bell peppers (shimla mirch) in a luscious tomato-based sauce. This colorful dish is known for its delightful blend of flavors and is often served with rice or roti.,"Potatoes, bell peppers, tomatoes, onions, spices.",Indian Recipes
aloo_tikki,Aloo Tikki is a popular Indian street food and snack made from mashed potatoes seasoned with spices and shaped into patties. These patties are shallow-fried until they develop a crispy golden crust. Aloo Tikki can be served on its own with chutneys or used to make chaat.,"Potatoes, spices, oil for frying.",Indian Recipes
anarsa,"Anarsa is a cherished Indian sweet, particularly popular in Maharashtra and Bihar. It involves creating a unique dough from soaked rice and jaggery, flavored with cardamom. The dough is rolled into flat discs and deep-fried, resulting in crispy, sweet, and aromatic treats often enjoyed during festivals and special occasions.","Rice flour, jaggery, cardamom, ghee (clarified butter), oil for frying.",Indian Recipes
ariselu,"Ariselu is a traditional South Indian sweet, commonly prepared during festivals like Makar Sankranti. It features a dough made from rice flour and jaggery, infused with the fragrance of cardamom. The dough is carefully shaped into flat discs and deep-fried to achieve a delightful balance of sweetness and crispiness.","Rice flour, jaggery, cardamom, sesame seeds, ghee (clarified butter), oil for frying.",Indian Recipes
bandar_laddu,"Bandar Laddu hails from Andhra Pradesh and is renowned for its distinctive flavor. These round laddus are crafted from roasted gram flour (besan), jaggery, and ghee. The blend of ingredients yields delectable, sweet treats that are enjoyed across the region.","Roasted gram flour (besan), jaggery, ghee (clarified butter), cardamom, cashew nuts.",Indian Recipes
basundi,"Basundi is a creamy dessert originating from the western regions of India. It starts with simmering sweetened milk on low heat until it thickens to a rich consistency. Fragrant cardamom is often added for flavor, and the dessert is frequently garnished with chopped nuts, offering a luscious and satisfying sweet experience.","Milk, sugar, cardamom, saffron, chopped nuts (such as almonds and pistachios).",Indian Recipes
bhatura,"Bhatura is a beloved North Indian deep-fried bread that perfectly complements dishes like Chole (chickpea curry). It's made from a fermented dough that includes yogurt and leavening agents, resulting in a soft and fluffy texture.","All-purpose flour (maida), yogurt, baking powder, baking soda, sugar, salt, oil for frying.",Indian Recipes
bhindi_masala,Bhindi Masala is a North Indian dish featuring okra (bhindi) cooked with a blend of spices and tomatoes. It's known for its rich and spicy flavor.,Bhindi Masala is a North Indian dish featuring okra (bhindi) cooked with a blend of spices and tomatoes. It's known for its rich and spicy flavor.,Indian Recipes
biryani,"Biryani is a beloved Indian rice dish known for its aromatic and flavorful preparation. It typically consists of long-grain rice, meat (like chicken or mutton), or vegetables, layered with fragrant spices and cooked until the flavors meld together.","Basmati rice, meat or vegetables, onions, tomatoes, yogurt, spices (including cardamom, cloves, cinnamon, and saffron), ghee or oil.",Indian Recipes
boondi,Boondi is a popular Indian snack made by frying small droplets of chickpea flour (besan) batter. It can be either sweet or savory and is often used as an ingredient in various snacks and sweets.,Boondi is a popular Indian snack made by frying small droplets of chickpea flour (besan) batter. It can be either sweet or savory and is often used as an ingredient in various snacks and sweets.,Indian Recipes
butter_chicken,"Butter Chicken is a creamy North Indian curry featuring tender pieces of chicken cooked in a rich tomato-based sauce, often with the addition of butter and cream for a luxurious taste.","Butter Chicken is a creamy North Indian curry featuring tender pieces of chicken cooked in a rich tomato-based sauce, often with the addition of butter and cream for a luxurious taste.",Indian Recipes
chak_hao_kheer,"Chak Hao Kheer is a Manipuri rice pudding made with black glutinous rice, giving it a distinctive dark purple color. It's sweetened and flavored with cardamom for a delightful dessert.","Black glutinous rice, milk, sugar, cardamom, nuts (optional).",Indian Recipes
cham_cham,"Cham Cham is a popular Bengali sweet made from paneer (Indian cottage cheese). The paneer is shaped into cylindrical pieces, cooked in sugar syrup, and often garnished with grated coconut or nuts.","Paneer, sugar, cardamom, coconut, nuts (for garnish).",Indian Recipes
chana_masala,Chana Masala is a North Indian dish featuring chickpeas (chana) cooked in a spiced tomato-based gravy. It's a flavorful and hearty vegetarian option.,"Chickpeas, tomatoes, onions, ginger, garlic, spices (such as cumin, coriander, turmeric, and red chili powder), oil.",Indian Recipes
chapati,Chapati is a staple Indian flatbread made from whole wheat flour. It's typically unleavened and cooked on a griddle. Chapatis are an essential part of Indian cuisine and are often served with curries and other dishes.,"Whole wheat flour, water, salt, oil or ghee (clarified butter).",Indian Recipes
chhena_kheeri,"Chhena Kheeri is a delightful dessert from Odisha, India. It's made by simmering chhena (Indian cottage cheese) in sweetened milk and flavored with cardamom and saffron.","Chhena, milk, sugar, cardamom, saffron, nuts (for garnish).",Indian Recipes
chicken_razala,"Chicken, yogurt, cream, spices (including cardamom, cloves, and white pepper), ghee or oil.","Chicken, yogurt, cream, spices (including cardamom, cloves, and white pepper), ghee or oil.",Indian Recipes
chicken_tikka,"Chicken Tikka is a popular Indian appetizer or snack made by marinating chicken pieces in yogurt and a blend of spices, then grilling or roasting until they are tender and charred.","Chicken, yogurt, spices (such as cumin, coriander, turmeric, and red chili powder), ginger, garlic, lemon juice.",Indian Recipes
chicken_tikka_masala,Chicken Tikka Masala is a classic Indian dish made with grilled or roasted chicken tikka pieces in a creamy tomato-based sauce. It's known for its rich and bold flavors.,"Chicken Tikka, tomatoes, cream, yogurt, spices (including garam masala, ginger, garlic), butter.",Indian Recipes
chikki,"Chikki is a popular Indian brittle made with jaggery and nuts like peanuts or sesame seeds. It's crunchy and sweet, often enjoyed as a snack.","Chikki is a popular Indian brittle made with jaggery and nuts like peanuts or sesame seeds. It's crunchy and sweet, often enjoyed as a snack.",Indian Recipes
daal_baati_churma,"Daal Baati Churma is a traditional Rajasthani dish consisting of three components: daal (lentil curry), baati (baked wheat balls), and churma (sweet crumbled wheat). It's a wholesome and flavorful meal.","Wheat flour, lentils (usually split yellow gram or tuvar dal), spices, ghee (clarified butter), sugar, and jaggery for churma.",Indian Recipes
daal_puri,Daal Puri is a popular Bengali dish where spiced and seasoned yellow lentil (daal) paste is stuffed inside wheat flour flatbreads (puri) and deep-fried to create a delicious snack.,"Wheat flour, yellow lentils, spices, oil for frying",Indian Recipes
dal_makhani,"Dal Makhani is a creamy North Indian dish made with black lentils (urad dal) and red kidney beans (rajma) cooked in a tomato-based sauce, often enriched with butter and cream.","Black lentils (urad dal), red kidney beans (rajma), tomatoes, cream, butter, spices (including garam masala, ginger, garlic).",Indian Recipes
dal_tadka,"Dal Tadka is a simple yet flavorful Indian lentil curry made with yellow or red lentils tempered with aromatic spices, often served with rice or roti.","Yellow or red lentils, spices (such as cumin, mustard seeds, turmeric, and red chili powder), ghee or oil.",Indian Recipes
dharwad_pedha,"Dharwad Pedha is a popular sweet from the city of Dharwad in Karnataka, India. It's a milk-based sweet made from reducing milk to a thick consistency, adding sugar and cardamom for flavor, and then shaping it into small, fudge-like pieces.","Milk, sugar, cardamom, ghee (clarified butter).",Indian Recipes
doodhpak,"Doodhpak is a traditional Indian rice pudding made by simmering rice in milk, sweetening it with sugar, and flavoring it with cardamom and saffron. It's a rich and creamy dessert.","Rice, milk, sugar, cardamom, saffron, nuts (for garnish).",Indian Recipes
double_ka_meetha,"Double Ka Meetha, also known as Shahi Tukda, is a popular Hyderabadi dessert. It's made by deep-frying bread slices, soaking them in sweetened condensed milk, and garnishing with nuts and saffron.","Double Ka Meetha, also known as Shahi Tukda, is a popular Hyderabadi dessert. It's made by deep-frying bread slices, soaking them in sweetened condensed milk, and garnishing with nuts and saffron.",Indian Recipes
dum_aloo,"Double Ka Meetha, also known as Shahi Tukda, is a popular Hyderabadi dessert. It's made by deep-frying bread slices, soaking them in sweetened condensed milk, and garnishing with nuts and saffron.","Double Ka Meetha, also known as Shahi Tukda, is a popular Hyderabadi dessert. It's made by deep-frying bread slices, soaking them in sweetened condensed milk, and garnishing with nuts and saffron.",Indian Recipes
gajar_ka_halwa,"Gajar Ka Halwa is a beloved Indian dessert made with grated carrots slow-cooked in milk, sweetened with sugar, and flavored with cardamom and garnished with nuts.","Carrots, milk, sugar, cardamom, ghee (clarified butter), nuts.",Indian Recipes
gavvalu,Gavvalu are a traditional South Indian snack made from rice flour and shaped like small shells. They are deep-fried until golden brown and have a mildly spiced flavor.,Gavvalu are a traditional South Indian snack made from rice flour and shaped like small shells. They are deep-fried until golden brown and have a mildly spiced flavor.,Indian Recipes
ghevar,"Ghevar is a popular Rajasthani sweet, especially enjoyed during festivals like Teej. It's made by frying a batter of flour and ghee to create a lacy, honeycomb-like structure and then soaking it in sugar syrup.","Flour, ghee (clarified butter), sugar, milk, cardamom, saffron, nuts.",Indian Recipes
gulab_jamun,"Gulab Jamun is a classic Indian dessert made from milk solids (khoya or mawa), shaped into round balls, deep-fried until golden, and then soaked in sugar syrup.","Khoya or mawa, flour, milk, sugar, cardamom, ghee (clarified butter).",Indian Recipes
imarti,"Imarti is a popular Indian sweet made from fermented urad dal batter, deep-fried in spiral or circular shapes, and soaked in saffron-infused sugar syrup.","Urad dal, sugar, saffron, cardamom, ghee (clarified butter)",Indian Recipes
jalebi,"Jalebi is a popular Indian dessert made by deep-frying a fermented batter in spiral or pretzel shapes and then soaking them in sugar syrup. They are bright orange and have a sweet, slightly tangy flavor.","All-purpose flour, yogurt, sugar, saffron, cardamom, ghee (clarified butter).",Indian Recipes
kachori,Kachori is a popular North Indian deep-fried pastry filled with spiced dal (lentils) or potatoes. It's crispy on the outside and flavorful on the inside.,Kachori is a popular North Indian deep-fried pastry filled with spiced dal (lentils) or potatoes. It's crispy on the outside and flavorful on the inside.,Indian Recipes
kadai_paneer,Kadai Paneer is a North Indian dish made with paneer (Indian cottage cheese) and bell peppers cooked in a tomato-based gravy. It's known for its robust and spicy flavors.,"Paneer, bell peppers, tomatoes, onions, ginger, garlic, spices (including coriander, cumin, and red chili powder), ghee or oil.",Indian Recipes
kadhi_pakoda,"Kadhi Pakoda is a North Indian dish where besan (gram flour) pakodas are simmered in a yogurt-based curry, flavored with spices like fenugreek seeds and turmeric.","Gram flour (besan), yogurt, spices (including fenugreek seeds, turmeric, and asafoetida), oil for frying.",Indian Recipes
kajjikaya,"Kajjikaya is a traditional South Indian sweet often made during festivals. It's made by folding a sweet filling of grated coconut, jaggery, and cardamom in a pastry made from maida (all-purpose flour) and deep-frying it until golden brown.","All-purpose flour (maida), coconut, jaggery, cardamom, ghee (clarified butter), oil for frying.",Indian Recipes
kakinada_khaja,Kakinada Khaja is a famous Andhra sweet made by deep-frying layers of dough and then soaking them in sugar syrup. It's known for its crispy and flaky texture.,"All-purpose flour (maida), sugar, ghee (clarified butter), oil for frying",Indian Recipes
kalakand,"Kalakand is a popular Indian sweet made from condensed milk and paneer. It's cooked until it thickens, flavored with cardamom, and garnished with nuts.","Kalakand is a popular Indian sweet made from condensed milk and paneer. It's cooked until it thickens, flavored with cardamom, and garnished with nuts.",Indian Recipes
karela_bharta,"Karela Bharta is a North Indian dish made with bitter gourd (karela) that is roasted until tender, mashed, and then cooked with spices and onions for a unique flavor.","Bitter gourd (karela), onions, spices, oil.",Indian Recipes
kofta,"Kofta refers to spiced balls or dumplings, often made from minced meat or vegetables, that are simmered in a rich gravy. It's a popular dish in Indian cuisine.","For vegetable kofta: Potatoes, mixed vegetables, spices. For meat kofta: Ground meat, spices. Gravy ingredients vary.",Indian Recipes
kuzhi_paniyaram,"Kuzhi Paniyaram is a South Indian dish made from fermented rice and lentil batter. These round, savory dumplings are typically crispy on the outside and soft on the inside.","Rice, urad dal (black gram lentils), spices, asafoetida, oil for frying",Indian Recipes
lassi,Lassi is a popular North Indian yogurt-based drink. It comes in sweet and salty varieties and is often flavored with fruits or spices.,"Yogurt, water or milk, sugar (for sweet lassi), salt (for salty lassi), spices (for flavored lassi).",Indian Recipes
ledikeni,"Ledikeni is a famous Bengali sweet, often served during special occasions. It's made by shaping maida (all-purpose flour) and khoya (milk solids) into elongated oval dumplings, deep-frying them, and then soaking them in sugar syrup.","Ledikeni is a famous Bengali sweet, often served during special occasions. It's made by shaping maida (all-purpose flour) and khoya (milk solids) into elongated oval dumplings, deep-frying them, and then soaking them in sugar syrup.",Indian Recipes
litti_chokha,"Litti Chokha is a traditional dish from the Bihar region of India. It consists of round wheat flour dumplings (litti) filled with roasted gram flour and spices, served with a spicy vegetable mash (chokha).","Wheat flour, gram flour (besan), spices, vegetables (for chokha), ghee (clarified butter) for serving.",Indian Recipes
lyangcha,"Lyangcha is a sweet from West Bengal, India. It's made by deep-frying a batter of maida (all-purpose flour) and yogurt and then soaking it in sugar syrup. It has a unique cylindrical shape.","All-purpose flour (maida), yogurt, sugar, cardamom, oil for frying.",Indian Recipes
maach_jhol,Maach Jhol is a traditional Bengali fish curry known for its light and flavorful broth. It typically features fish simmered in a mustard and poppy seed-based gravy.,Maach Jhol is a traditional Bengali fish curry known for its light and flavorful broth. It typically features fish simmered in a mustard and poppy seed-based gravy.,Indian Recipes
makki_di_roti_sarson_da_saag,Makki di Roti Sarson da Saag is a famous Punjabi dish. It consists of cornmeal flatbreads (makki di roti) served with a mustard greens-based curry (sarson da saag).,Makki di Roti Sarson da Saag is a famous Punjabi dish. It consists of cornmeal flatbreads (makki di roti) served with a mustard greens-based curry (sarson da saag).,Indian Recipes
malapua,"Malapua is a popular Indian sweet, especially during festivals. It's a deep-fried pancake made from a batter of flour, semolina, and milk, soaked in sugar syrup.","All-purpose flour, semolina (sooji), milk, sugar, cardamom, ghee (clarified butter), oil for frying",Indian Recipes
misi_roti,Misi Roti is a traditional Rajasthani flatbread made from a mixture of wheat flour and gram flour (besan). It's typically flavored with spices and herbs.,"Wheat flour, gram flour (besan), spices, herbs, ghee (clarified butter)",Indian Recipes
misti_doi,Misti Doi is a sweet and creamy yogurt dessert from West Bengal. It's made by sweetening and caramelizing milk before fermenting it to create a thick and sweet yogurt.,"Milk, sugar, yogurt culture",Indian Recipes
modak,"Modak is a traditional Indian sweet often associated with Lord Ganesha. These sweet dumplings are made from rice flour or wheat flour and filled with coconut, jaggery, and cardamom.","Rice flour or wheat flour, coconut, jaggery, cardamom, ghee (clarified butter).",Indian Recipes
mysore_pak,"Mysore Pak is a famous South Indian sweet made from besan (gram flour), sugar, and ghee. It has a unique crumbly and melt-in-the-mouth texture.","Gram flour (besan), sugar, ghee (clarified butter).",Indian Recipes
navrattan_korma,Navrattan Korma is a rich and creamy North Indian curry made with a medley of nine different vegetables and nuts in a flavorful gravy. It's a vegetarian delight.,"Assorted vegetables, nuts (such as cashews and almonds), cream, spices, ghee (clarified butter).",Indian Recipes
palak_paneer,"Palak Paneer is a popular North Indian dish made with paneer (Indian cottage cheese) cooked in a creamy spinach (palak) gravy, flavored with spices.","Paneer, spinach, cream, spices, ghee (clarified butter).",Indian Recipes
paneer_butter_masala,"Paneer Butter Masala is a North Indian dish featuring paneer (Indian cottage cheese) served in a rich and creamy tomato-based gravy, often flavored with butter and cream.","Paneer, tomatoes, cream, butter, spices, ginger, garlic.",Indian Recipes
phirni,"Paneer, tomatoes, cream, butter, spices, ginger, garlic.","Rice, milk, sugar, cardamom, saffron, nuts (for garnish).",Indian Recipes
pithe,Pithe is a traditional Bengali dessert made during festivals. It includes various sweet rice cakes and dumplings filled with ingredients like coconut and jaggery.,"Rice flour, coconut, jaggery, cardamom, oil for frying.",Indian Recipes
poha,"Poha is a popular Indian breakfast dish made from flattened rice cooked with spices, onions, and often with ingredients like peas or potatoes.","Flattened rice (poha), onions, spices, potatoes (optional), peanuts (optional).",Indian Recipes
poornalu,"Flattened rice (poha), onions, spices, potatoes (optional), peanuts (optional).","Chana dal, jaggery, grated coconut, rice flour, cardamom, oil for frying.",Indian Recipes
pootharekulu,"Chana dal, jaggery, grated coconut, rice flour, cardamom, oil for frying.","Rice flour, sugar, ghee (clarified butter).",Indian Recipes
qubani_ka_meetha,"Qubani Ka Meetha is a traditional Hyderabadi dessert made from dried apricots (qubani). The apricots are soaked, simmered, and sweetened to create a rich and flavorful dessert.","Dried apricots (qubani), sugar, cardamom, ghee (clarified butter), nuts (for garnish).",Indian Recipes
rabri,Rabri is a North Indian sweet made by thickening milk and sugar until it becomes creamy and grainy. It's flavored with cardamom and garnished with nuts.,"Milk, sugar, cardamom, nuts (for garnish).",Indian Recipes
ras_malai,"Ras Malai is a popular Bengali dessert made from soft and spongy cottage cheese balls (rasgulla) soaked in sweet, cardamom-flavored milk.","Cottage cheese (paneer), milk, sugar, cardamom, saffron, nuts (for garnish).",Indian Recipes
rasgulla,"Rasgulla is a famous Indian sweet made from chhena (Indian cottage cheese) balls cooked in sugar syrup. They are soft, spongy, and typically served chilled.","Chhena (Indian cottage cheese), sugar, cardamom",Indian Recipes
sandesh,"Sandesh is a popular Bengali sweet made from freshly made chhena (Indian cottage cheese) that is sweetened, flavored, and shaped into small patties or cubes.","Chhena (Indian cottage cheese), sugar, cardamom, saffron, nuts (for garnish).",Indian Recipes
shankarpali,"hankarpali is a crispy, sweet, and diamond-shaped snack popular in Maharashtra and other parts of India. It's made from a dough of flour, sugar, and ghee, deep-fried until golden brown.","All-purpose flour (maida), sugar, ghee (clarified butter), cardamom.",Indian Recipes
sheer_korma,Sheer Korma is a popular dessert often served during Eid. It's a rich and creamy vermicelli pudding cooked in sweetened milk and flavored with cardamom and saffron.,"Vermicelli, milk, sugar, cardamom, saffron, nuts (for garnish).",Indian Recipes
sheera,"Sheera, also known as Sooji Halwa, is a simple Indian dessert made from semolina (sooji) cooked in ghee and sweetened with sugar. It's often flavored with cardamom and garnished with nuts.","Semolina (sooji), ghee (clarified butter), sugar, cardamom, nuts (for garnish).",Indian Recipes
shrikhand,"Shrikhand is a creamy and sweet yogurt-based dessert, often flavored with saffron and cardamom. It's a popular dessert in Western India.","Shrikhand is a creamy and sweet yogurt-based dessert, often flavored with saffron and cardamom. It's a popular dessert in Western India.",Indian Recipes
sohan_halwa,"Sohan Halwa is a traditional Indian sweet, particularly popular in Punjab. It's made from cornflour, ghee, and sugar, resulting in a dense, chewy, and sweet treat.","Cornflour, ghee (clarified butter), sugar, cardamom, nuts (for garnish).",Indian Recipes
sohan_papdi,"Sohan Papdi is a popular Indian sweet made from gram flour (besan) and ghee, flavored with cardamom, and garnished with almonds or pistachios.","Sohan Papdi is a popular Indian sweet made from gram flour (besan) and ghee, flavored with cardamom, and garnished with almonds or pistachios.",Indian Recipes
sutar_feni,"Sutar Feni is a traditional Goan sweet made from rice flour and coconut milk. It's stretched and folded into thin layers, resulting in a unique texture.","Sutar Feni is a traditional Goan sweet made from rice flour and coconut milk. It's stretched and folded into thin layers, resulting in a unique texture.",Indian Recipes
unni_appam,"Unni Appam is a popular South Indian sweet made from a batter of rice flour, jaggery, and mashed bananas, then deep-fried in a special pan to achieve a round shape.","Rice flour, jaggery, bananas, cardamom, coconut, ghee (clarified butter).",Indian Recipes
Braunkohl_and_Bregenwurst,A traditional Northern German dish featuring kale (Braunkohl) and a smoked sausage called Bregenwurst. It's often served with mustard and potatoes.,A traditional Northern German dish featuring kale (Braunkohl) and a smoked sausage called Bregenwurst. It's often served with mustard and potatoes.,German
Hamburger_Labskaus,"A dish from Northern Germany made with minced corned beef or canned beef, potatoes, onions, and pickled beets, typically topped with a fried egg and pickles.","alted meat or fish, potatoes, onions, pickles, beetroot, fried egg.",German
Potato_Fritters_or_Potato_Pancakes_Kartoffelpuffer_,Crispy fried pancakes made from grated potatoes and often served with applesauce or sour cream.,"Potatoes, eggs, flour, salt, oil (for frying).",German
Hamburger_Pannfisch,A Hamburg specialty featuring pan-fried fish (often herring) served with a mustard sauce and potatoes.,"Potatoes, flour, eggs, salt, pepper, oil for frying.",German
Pork_Knuckle_with_Sauerkraut,"Roasted or boiled pork knuckle served with sauerkraut, a fermented cabbage dish.","Pork knuckle, sauerkraut, onions, caraway seeds, seasonings.",German
Veal_Sausage,"Sausages made from veal and various seasonings, typically served with mustard and pretzels.","Veal, pork, seasonings (like white pepper, lemon zest), casings.",German
Baden_Brägele_with_Bibliskäs,Baden-style fried potatoes (Brägele) served with a creamy cheese dip known as Bibliskäs.,"Potatoes, onions, lard or oil for frying, cheese (Bibliskäs), seasonings.",German
Stuffed_Cabbage_Filled_with_Millet,"Cabbage leaves stuffed with millet, ground meat, and seasonings, often served in a tomato sauce.","Cabbage leaves, millet, ground meat (such as pork or beef), onions, garlic, tomatoes, seasonings.",German
Döner_with_Curried_Sausage,"A fusion dish combining a döner kebab (Turkish-style sandwich) with slices of curried sausage, often served in a pita or bread roll.","Döner kebab meat (usually lamb or chicken), slices of curried sausage, pita or bread roll, sauces, vegetables.",German
Saxon_Mustard_Meat,"A dish from Saxony, Germany, featuring pork or beef cooked in a tangy mustard sauce.","Pork or beef, mustard, onions, broth, seasonings.",German
Königsberger_Meatballs,"Meatballs made from ground meat (often a mix of pork and beef) served in a creamy caper sauce, typically associated with Königsberg, now Kaliningrad.","Ground pork and beef, capers, anchovies, breadcrumbs, onions, broth, cream, lemon juice, butter.",German
Tarte_Flambée_with_a_French_Influence,"A thin Alsatian pizza-like dish made with a thin crust topped with fromage blanc or crème fraîche, onions, and bacon.","Pizza dough or flatbread, fromage blanc or crème fraîche, onions, bacon.",German
Curry_Sausage_in_Western_Germany,"Sausages (often bratwurst or bockwurst) served with a curry-flavored ketchup sauce, typically accompanied by fries.","Sausages (bratwurst or bockwurst), curry-flavored ketchup, curry powder, fries.",German
Braised_Beef_Rheinland_style,"Beef braised in a flavorful sauce, often served with red cabbage and potato dumplings.","Beef, red cabbage, potato dumplings, broth, seasonings.",German
Butter_Noodles,"Noodles served with a rich buttery sauce, often garnished with fresh herbs.","Noodles, butter, fresh herbs.",German
Dumplings,"Dumplings made from flour, bread, or potatoes, served as a side dish or in soups and stews.","Vary depending on the type of dumplings (flour, bread, or potatoes), often eggs, milk, and seasonings.",German
Potato_Salad,"A salad made with boiled potatoes, often dressed with mayonnaise or a vinaigrette and mixed with various ingredients like onions, pickles, and herbs.","Potatoes, mayonnaise or vinaigrette, onions, pickles, herbs, seasoning.",German
Frankfurter_Green_Sauce,"A tangy and herbaceous sauce made with a variety of fresh herbs, sour cream, and other ingredients, typically served with boiled potatoes and hard-boiled eggs.","Fresh herbs (such as parsley, chives, sorrel, borage, cress, and more), sour cream, yogurt, mustard, seasonings.",German
Pretzen_from_Bavaria,"Soft or hard twisted bread snacks, often sprinkled with coarse salt and served as a popular snack or appetizer.","Flour, water, yeast, sugar, salt, baking soda, coarse salt for sprinkling.",German
Pumpernickel_from_Lower_Saxony,"Pumpernickel is a traditional wholemeal bread that is enjoying a revival in popularity as people turn to healthier alternatives to fluffy white bread. Dark, nutty, spicy, and crust-free, it contains many high-grade ingredients and stays fresh longer","Coarsely ground whole rye grains, water, rye flour, molasses, salt.",German
German_Bread_Rolls,"Wholemeal rolls are produced in bakeries throughout Germany and are eaten for breakfast and as snacks.The country produces an incredible 3,200 types of bread, all listed in an official German bread registry – a testament to how vital bread is for Germans.", cups whole wheat flour Salt Sugar active dry yeast cups lukewarm water,German
Samgyeopsal_food,"A popular Korean dish consisting of thick slices of pork belly, often grilled at the table, and served with various side dishes.","Pork belly slices, dipping sauces (usually ssamjang - a mixture of soybean paste and chili paste), lettuce leaves, garlic, kimchi, and other banchan (side dishes).",Korean
Gimbap_food,"Korean sushi rolls made with rice and various ingredients such as vegetables, pickled radish, egg, and sometimes meat, all wrapped in seaweed.","Cooked rice, seaweed sheets, vegetables (carrots, spinach, pickled radish), egg, meat (optional), sesame oil, and sesame seeds.",Korean
Kimchi_Jjigae_food,"A Korean stew made with kimchi (fermented cabbage) and often includes tofu, vegetables, and sometimes pork or beef.","Kimchi, tofu, vegetables (such as green onions and mushrooms), pork or beef (optional), gochugaru (red chili pepper flakes), garlic, ginger, and other seasonings.",Korean
Chuncheon_Dakgalbi_food,"A spicy stir-fried chicken dish from Chuncheon, South Korea, made with marinated chicken, vegetables, and a spicy sauce.","Chicken, vegetables (cabbage, sweet potatoes, scallions), gochujang (red chili paste), gochugaru (red chili pepper flakes), garlic, soy sauce",Korean
Tteokbokki_food,"Spicy stir-fried rice cakes, a popular street food in Korea, often cooked in a spicy gochujang sauce.","Rice cakes, gochujang (red chili paste), sugar, soy sauce, fish cakes, vegetables (optional).",Korean
Samgyetang_food,"A Korean chicken ginseng soup, traditionally consumed during the hot summer months, made with a whole young chicken stuffed with rice, ginseng, and jujubes.","Chicken, glutinous rice, ginseng, jujubes, garlic, ginger.",Korean
Pajeon_food,A savory Korean pancake made with scallions and sometimes seafood or other ingredients.,"Scallions, flour, water, egg, seafood (optional), sesame oil, soy dipping sauce",Korean
Naengmyeon_food,"Korean cold noodles, typically served in a chilled beef broth or as a spicy Bibim Naengmyeon with a red chili sauce.","Buckwheat noodles (or potato starch noodles), broth or sauce, cucumbers, pear, beef (optional), boiled egg, and ice.",Korean
Budae_Jjigae_food,"A Korean army stew created during the Korean War, combining American military surplus ingredients like Spam, hot dogs, and instant noodles with traditional Korean ingredients.","Spam, hot dogs, canned baked beans, kimchi, vegetables, instant noodles, gochujang, gochugaru, and other seasonings.",Korean
Maeuntang_food,": A spicy Korean fish stew, typically made with various types of fish and flavored with red chili pepper paste (gochujang).","Fish, vegetables (radish, mushrooms, scallions), gochujang, garlic, ginger, and other seasonings.",Korean
Sundae_food,"Korean blood sausage made with a mixture of pig's blood, rice, and various ingredients, often steamed or grilled.","Pig's blood, rice, vegetables, salt, and seasonings.",Korean
Kalguksu_food,"Korean handmade knife-cut wheat noodles, often served in a clear broth with vegetables, meat (usually chicken or seafood), and garnished with scallions.","Wheat flour, water, vegetables, meat or seafood, broth, scallions, sesame oil.",Korean
Manduguk_food,"A Korean dumpling soup made with dumplings (mandu) filled with meat and vegetables, served in a clear broth.","Dumplings, broth, vegetables, meat (usually beef or pork), soy sauce, garlic, and sesame oil.",Korean
Yangnyeom_Tongdak_food,"Korean-style fried chicken, known for its crispy exterior and spicy or sweet glaze","Chicken pieces, frying batter, gochujang (red chili paste), sugar, soy sauce, garlic, ginger.",Korean
Ojingeo_Bokkeum_food,"Stir-fried spicy squid, a popular Korean seafood dish.","Squid, gochugaru (red chili pepper flakes), gochujang (red chili paste), garlic, ginger, vegetables.",Korean
Bossam_food,"A Korean dish featuring steamed, thinly sliced pork belly served with cabbage wraps, kimchi, and various condiments.","Pork belly slices, cabbage leaves, kimchi, ssamjang (mixture of soybean paste and chili paste), garlic, and other banchan (side dishes).",Korean
Bulgogi_food,"Thinly sliced marinated beef, grilled or stir-fried, often served with rice and vegetables.","Beef (usually ribeye or sirloin), soy sauce, sugar, pear, garlic, sesame oil, vegetables.",Korean
Byeo_Haejangguk_food,"A Korean hangover soup, believed to cure hangovers, typically made with pork spine, vegetables, and seasonings.","Pork spine or neck bones, vegetables (cabbage, radish), garlic, ginger, dried red chili peppers, soybean paste, and other seasonings.",Korean
Sushi_Sashimi,"Sushi consists of vinegared rice served with various ingredients, including raw fish (sashimi), seafood, vegetables, and occasionally tropical fruits. Sashimi refers to thinly sliced raw fish or seafood served without rice.","Rice, raw fish or seafood (for sashimi), nori (seaweed sheets), vegetables, soy sauce, wasabi, pickled ginger.",Japan
Ramen,"A Japanese noodle soup dish featuring Chinese-style wheat noodles served in a flavorful broth, often with toppings like sliced pork, seaweed, soft-boiled egg, and green onions.","Ramen noodles, broth (varies by style, such as tonkotsu, miso, shoyu), toppings, soy sauce, and other seasonings.",Japan
Tempura,"A Japanese dish consisting of battered and deep-fried seafood, vegetables, or other ingredients","Seafood (shrimp, fish) or vegetables (such as sweet potato, eggplant), tempura batter (flour, water, egg), vegetable oil for frying, dipping sauce.",Japan
Kare_raisu,"A Japanese curry dish made with a mild, thick, and slightly sweet curry sauce served over rice, often with meat (such as chicken or beef) and vegetables.","Curry roux or paste, meat (chicken, beef, or pork), onions, carrots, potatoes, rice.",Japan
Okonomiyaki,"A savory Japanese pancake or omelette made with cabbage and a variety of other ingredients, often topped with mayonnaise and a special okonomiyaki sauce.","Cabbage, flour, eggs, yamaimo (yam), meat or seafood (optional), okonomiyaki sauce, mayonnaise, bonito flakes, seaweed.",Japan
Shabu_Shabu,A Japanese hot pot dish in which thinly sliced meat (often beef) and vegetables are swished in a simmering broth and then dipped in a savory sauce.,"Thinly sliced meat (beef, pork, or other options), vegetables (Napa cabbage, mushrooms, tofu), dipping sauces (ponzu, sesame sauce), and broth.",Japan
Miso_soup,"A traditional Japanese soup made with miso paste, tofu, seaweed, and other ingredients, known for its umami flavor.","Miso paste, dashi (fish or seaweed stock), tofu, seaweed, green onions, and optional ingredients like mushrooms or clams.",Japan
Yakitori,"Skewered and grilled chicken pieces, often seasoned with a salty-sweet sauce.","Chicken pieces (thigh, breast, or other parts), bamboo skewers, yakitori sauce (soy sauce, sake, mirin, sugar).",Japan
Onigiri,"Japanese rice balls usually shaped into triangles or cylinders and often filled with various ingredients like pickled plum, tuna, or salmon.","Cooked rice, nori (seaweed), filling (e.g., pickled plum, tuna, salmon).",Japan
Udon,"Thick wheat noodles served in a hot or cold broth, often with toppings like tempura, green onions, and kamaboko (fish cake).","Udon noodles, broth (varies by style), toppings.",Japan
Soba,"Thin buckwheat noodles typically served cold with a dipping sauce or hot in a broth, often accompanied by tempura or green onions.","Soba noodles, dipping sauce or broth, toppings.",Japan
Gyudon,"A Japanese rice bowl dish featuring thinly sliced beef simmered in a sweet and savory sauce, served over rice and garnished with onions.","Thinly sliced beef, onions, soy sauce, mirin, sugar, rice.",Japan
Omurice,A Japanese dish consisting of ketchup-flavored fried rice wrapped in a fluffy omelette.,"Cooked rice, ketchup, onions, carrots, peas, eggs.",Japan
Katsudon,"A Japanese rice bowl dish featuring breaded and deep-fried pork or chicken cutlets (tonkatsu) served with a sweet and savory sauce, onions, and eggs over rice.","Pork or chicken cutlets, eggs, onions, soy sauce, mirin, sugar, rice.",Japan
Tarte_Tatin,Tarte Tatin is a famous French dessert that features caramelized apples baked under a layer of pastry. It's then flipped over to reveal the caramelized apple topping.,"Apples, sugar, butter, puff pastry.",French
Boeuf_Bourguignon,"Boeuf Bourguignon is a classic French beef stew made with red wine, tender chunks of beef, mushrooms, onions, and aromatic herbs. It's a hearty and flavorful dish.","Beef, red wine, onions, mushrooms, carrots, garlic, thyme, bacon, beef broth.",French
Moules_Marinières,"Moules Marinières is a popular French dish consisting of mussels cooked in a flavorful broth made with white wine, garlic, shallots, and parsley.","Mussels, white wine, garlic, shallots, parsley, butter.",French
Blanquette_de_Veau,"Mussels, white wine, garlic, shallots, parsley, butter.","Veal, onions, mushrooms, white sauce (butter, flour, chicken stock), cream",French
Soupe_à_L_oignon,"Soupe à l’Oignon, or French Onion Soup, is a rich and savory soup made from caramelized onions, beef broth, and topped with melted cheese and toasted bread.","Onions, beef broth, cheese, bread, butter.",French
Steak_Tartare,"Steak Tartare is a French dish consisting of raw, finely chopped or ground beef, often seasoned with ingredients like capers, onions, mustard, and served with raw egg yolk.","Steak Tartare is a French dish consisting of raw, finely chopped or ground beef, often seasoned with ingredients like capers, onions, mustard, and served with raw egg yolk.",French
Cassoulet,"Cassoulet is a hearty French casserole dish originating from the region of Languedoc. It typically contains white beans, sausages, and various meats like duck or pork.","White beans, sausages, duck or pork, tomatoes, garlic, herbs.",French
Confit_de_Canard,Confit de Canard is a French dish where duck legs are slow-cooked in their own fat until tender and crispy. It's a flavorful and indulgent dish.,"Duck legs, duck fat, garlic, herbs.",French
Bouillabaisse,"Bouillabaisse is a Provencal fish stew made with a variety of seafood, fish, and flavored with herbs, garlic, and saffron. It's typically served with a side of rouille sauce.","Assorted seafood (like fish, mussels, and shrimp), tomatoes, garlic, saffron, herbs.",French
Pissaladière,"Pissaladière is a French savory tart from the region of Provence. It features a flaky pastry base topped with caramelized onions, olives, and anchovies.","Pastry dough, onions, olives, anchovies, olive oil, thyme.",French
Fondue Savoyarde,"Fondue Savoyarde is a popular cheese fondue from the Savoie region in France. It's made with melted cheese, white wine, and often flavored with garlic and kirsch, served with bread.","Cheese (typically Gruyère and Emmental), white wine, garlic, kirsch, bread.",French
Tartiflette,"Tartiflette is a hearty French dish from the Savoie region. It's made with layers of potatoes, reblochon cheese, bacon, and onions, baked until golden and bubbling.","Potatoes, reblochon cheese, bacon, onions, cream.",French
Coq_au_Vin,"Coq au Vin is a classic French chicken dish cooked in red wine with mushrooms, onions, and bacon. It's known for its rich and robust flavor.","Chicken, red wine, mushrooms, onions, bacon, herbs.",French
Coquilles_Saint_Jacques,"Coquilles Saint-Jacques is a French dish featuring scallops cooked with a creamy white wine sauce, often served in a scallop shell.","Scallops, white wine, cream, butter, mushrooms, shallots.",French
Escargots,Escargots are a delicacy in French cuisine. They are edible land snails typically prepared with garlic and parsley butter and served in snail shells.,"Land snails, garlic, parsley, butter.",French
Soufflé,"Soufflé is a classic French dish that can be prepared as either a sweet or savory dish. It's known for its light and airy texture. Sweet soufflés are typically made with ingredients like chocolate, fruit, or vanilla, while savory soufflés can include cheese, herbs, or vegetables. The key to a soufflé is whipping egg whites to stiff peaks and carefully folding them into the base mixture before baking.","Egg yolks, sugar, flavoring (e.g., chocolate, fruit puree, vanilla), egg whites.",French
Crêpes,"Crêpes are thin, delicate French pancakes that can be filled with a variety of sweet or savory ingredients. The batter is made from simple ingredients and is cooked in a thin layer, creating a versatile base for various fillings.","Flour, eggs, milk, sugar (for sweet crêpes), salt (for savory crêpes), butter (for ",French
Salade_niçoise,"Salade Niçoise is a classic French salad originating from Nice in the Provence-Alpes-Côte d'Azur region. It's a colorful and vibrant dish that typically includes ingredients like tuna, hard-boiled eggs, olives, tomatoes, green beans, potatoes, and anchovies. It's often dressed with a vinaigrette and garnished with fresh herbs.","Tuna, hard-boiled eggs, olives, tomatoes, green beans, potatoes, anchovies, vinaigrette dressing (typically made with olive oil, vinegar, Dijon mustard, garlic, and herbs).",French
Crème_brûlée,Crème Brûlée is a beloved French dessert known for its creamy custard base and a caramelized sugar top layer. It's typically baked in individual ramekins and then chilled before serving. The caramelized sugar creates a satisfying contrast to the smooth custard underneath.,"Cream, egg yolks, sugar, vanilla extract.",French
